-- phpMyAdmin SQL Dump
-- version 4.8.5
-- https://www.phpmyadmin.net/
--
-- Хост: 127.0.0.1:3306
-- Время создания: Сен 23 2020 г., 11:17
-- Версия сервера: 10.3.13-MariaDB
-- Версия PHP: 7.3.2

SET SQL_MODE = "NO_AUTO_VALUE_ON_ZERO";
SET AUTOCOMMIT = 0;
START TRANSACTION;
SET time_zone = "+00:00";


/*!40101 SET @OLD_CHARACTER_SET_CLIENT=@@CHARACTER_SET_CLIENT */;
/*!40101 SET @OLD_CHARACTER_SET_RESULTS=@@CHARACTER_SET_RESULTS */;
/*!40101 SET @OLD_COLLATION_CONNECTION=@@COLLATION_CONNECTION */;
/*!40101 SET NAMES utf8mb4 */;

--
-- База данных: `stroller`
--

-- --------------------------------------------------------

--
-- Структура таблицы `attribute`
--

CREATE TABLE `attribute` (
  `id` int(11) NOT NULL,
  `product_id` int(11) NOT NULL,
  `color_name` varchar(100) NOT NULL,
  `color_code` varchar(100) NOT NULL,
  `image` varchar(100) NOT NULL,
  `status` int(11) NOT NULL
) ENGINE=InnoDB DEFAULT CHARSET=utf8;

--
-- Дамп данных таблицы `attribute`
--

INSERT INTO `attribute` (`id`, `product_id`, `color_name`, `color_code`, `image`, `status`) VALUES
(24, 98, 'mint green', '#92ccbd', '467c91b5cf6b0775b563fe44a05388a0MINT-GREEN-92ccbd.jpg', 1),
(25, 98, 'palette grey', '#a9a8a7', '8511df98c02ab60aea1b2356c013bc0fPALETTE-GREY-a9a8a7.jpg', 1),
(26, 98, 'iris purple', '#dd9cc9', '3597389c86525b3ea9c1e8197e56ea2eIRIS-PURPLE-dd9cc9.jpg', 1),
(27, 98, 'cream beige', '#e7bf9b', 'cb58498d3c5fab4f6acdf6a7dc457c97CREAM-BEIGE-e7bf9b.jpg', 1),
(28, 98, 'cocoa brown', '#e9ccb6', '1fa94bd27600d8fc326e8c9cc285847eCOCOA-BROWN-e9ccb6.jpg', 1),
(29, 98, 'cloud grey', '#b1b1b1', '75429bf707c8b0b5952ba1bcd4b39378CLOUD-GREY-b1b1b1.jpg', 1),
(30, 99, 'candy pink', '#e9c6c9', '8359bc4376e89b729d92ddd9b8a53c46Candy-Pink-e9c6c9.jpg', 1),
(31, 99, 'cloud grey', '#b3b3b3', '2ce191a031f214390c7ac2d6514d4c15Cloud-Grey-b3b3b3.jpg', 1),
(32, 99, 'desert beige', '#e5cda1', '1b141c19b8516ff9a26065d66ecd7146Desert-Beige-e5cda1.jpg', 1),
(33, 99, 'mirage grey', '#d5d5d5', '11ab2d8cbe2c29f2d2966503017c1227Mirage-Grey-d5d5d5.jpg', 1),
(34, 99, 'sky blue', '#b7e4ef', '7c9ac4388867d4cc3f1cf9c05ad7e944Sky-Blue-b7e4ef.jpg', 1),
(35, 101, 'mint green', '#abf2f6', 'a3fb0f49e40f3cd9ce697758a3c66c52Mint-Green-abf2f6.jpg', 1),
(36, 101, 'salmon pink', '#dbbebd', 'a7fcfc37e5d55dfb218312264ea999acSalmon-Pink-dbbebd.jpg', 1),
(37, 101, 'sand beige', '#ecd4b9', '47cec7c0f18dcae6c157ede4849cbbf6Sand-Beige-ecd4b9.jpg', 1),
(38, 101, 'shadow grey', '#cdcccb', '202cda7404e3c7fc6e569544b94bd069Shadow-Grey-cdcccb.jpg', 1),
(39, 102, 'candy pink', '#e2b7cd', 'daac05dd6b717bcd0ecedd8400830bdaCandy-Pink-e2b7cd.jpg', 1),
(40, 102, 'cloud grey', '#b8babc', 'f507a4d1d944d0d928263141f0a81987Cloud-Grey-b8babc.jpg', 1),
(41, 102, 'cream beige', '#d6c0ae', '45e442e4bb8e231b3ca90055fa548beeCream-Beige-d6c0ae.jpg', 1),
(42, 102, 'sky blue', '#b7dfd5', '23174474f31785ce939641039a212de4Sky-Blue-b7dfd5.jpg', 1),
(43, 103, 'aspen green', '#c6dbbf', 'bd0577f200e93dca13d0ceaf3d614ea0Aspen-Green-c6dbbf.jpg', 1),
(44, 103, 'light beige', '#decbb8', 'aedd45c2ac38b5cdbfac250d1031246aLight-Beige-decbb8.jpg', 1),
(45, 103, 'powder pink', '#d0afb1', '71192787e69519aaed42009ed0639762Powder-Pink-d0afb1.jpg', 1),
(46, 103, 'shell grey', '#cdc9c6', '9fbcf4078f37f5876c72248c4437c987Shell-Grey-cdc9c6.jpg', 1),
(47, 103, 'tender blue', '#b8c2a0', '021a2cf35998f9069d546cc65de78d4fTender-Blue-b8c2a0.jpg', 1),
(48, 107, 'denim blue', '#7c81b2', '76dc6bf0520c3ad631b35e3aa8e6c24eDENIM-BLUE-7c81b2.jpg', 1),
(49, 107, 'olive green', '#83a3a3', 'ca1bfa2252dfa6134109810667f1bf50OIIVE-GREEN-83a3a3.jpg', 1),
(50, 107, 'ruby red', '#965e65', '8f0f97fd5d54a5266baefe05a31601d9RUBY-RED-965e65.jpg', 1),
(51, 107, 'shark grey', '#bdbaba', '8a6214c3a7991f7e49cc9e82943db913SHARK-GREY-bdbaba.jpg', 1),
(52, 107, 'steel grey', '#a1a1a1', '7da2f6b51c55362c4adb62cdf6a5b83aSTEEL-GREY-a1a1a1.jpg', 1),
(53, 107, 'stone beige', '#c5ab9d', '6d584275cddaca779560a6c0a46ac90aSTONE-BEIGE-c5ab9d.jpg', 1),
(54, 108, 'cotton beige', '#d9bfc0', '3e2500c59ab4ea1d914ac27cec5ae528COTTON-BEIGE-d9bfc0.jpg', 1),
(55, 108, 'evening blue', '#6a93ca', '60776d2f8d53341b4b11c763cf8fd3e9EVENING-BLUE-6a93ca.jpg', 1),
(56, 108, 'ink grey', '#8c8988', '11f1c752c87d9b31d7e943633908ed7fINK-GRAY-8c8988.jpg', 1),
(57, 108, 'rock grey', '#c2bdc1', 'b07a05e24d1729651ca0e98bf65fdf56ROCK-GRAY-c2bdc1.jpg', 1),
(58, 109, '', 'blue', 'e80b726e03009cb29a2c92d987a6dd902.jpg', 1),
(59, 109, '', 'blue', 'b229ed523ffbcc8c48d47eb8bcd760c611.jpg', 1),
(60, 109, '', 'blue', '34474dcb1ae25c15ec2439bc39eec7364.jpg', 1),
(61, 109, '', 'blue', 'e7f5a63e5de0623f0004ce97ff1b6ad79.jpg', 1),
(62, 110, '', 'blue', '8ed20fb63484a13d6e8da038b71b78bfFisher-Price Starlight Revolve (3).jpg', 1),
(63, 110, '', 'blue', '93d2e69483f95fad42c114d57e29e0fbFisher-Price-Starlight-Revolve.jpg', 1),
(64, 110, '', 'blue', '8998bab61981a0aa40fd1753db971408Fisher-Price-Starlight-Revolve2.jpg', 1),
(65, 110, '', 'blue', '86dacb82bfa5fc1f7fc85d6b63e1e9c8Fisher-Price-Starlight-Revolve3.jpg', 1),
(66, 110, '', 'blue', 'a6289232ed5347e1f0868933984978f1Fisher-Price-Starlight-Revolve4.jpg', 1),
(67, 110, '', 'blue', '67821139b53709d377b4f6b00bab112dFisher-Price-Starlight-Revolve5.jpg', 1),
(68, 111, '', 'blue', 'f2456637128949750284251766254faeGraco-Duet-Glide-LX1.jpg', 1),
(69, 111, '', 'blue', 'e8f9d53defcc3772ac37418dea07538eGraco-Duet-Glide-LX4.jpg', 1),
(70, 111, '', 'blue', 'b19bfb52fda2aa9c26c9d0858e03b0ccGraco-Duet-Glide-LX2.jpg', 1),
(71, 111, '', 'blue', '36da1edacaac2ce09abc79021972b3ceGraco-Duet-Glide-LX3.jpg', 1),
(72, 112, 'charcoal grey', '#777777', '8276475a7adfa639c3af4124e08449f5CHARCOAL-GREY-777777.jpg', 1),
(73, 112, 'ivory beige', '#b1a27f', 'd48f0414c54cc774091692d7ad9d3bc5IVORY-BEIGE-b1a27f.jpg', 1),
(74, 112, 'silver grey', '#b2b1b2', '92438c080af2aea5eab3352f8cc07875SILVER-GREY-b2b1b2.jpg', 1),
(75, 112, 'spring green', '#9edacd', 'f46a7537f2a4d9cb860b5969ed5da1dbSPRING-GREEN-9edacd.jpg', 1),
(76, 113, 'flamingo pink', '#c6a7a9', '564645fbd0332f066cbd9d083ddd077cFLAMINGO-PINK-c6a7a9.jpg', 1),
(77, 113, 'granite green', '#96b8b1', '3d4dbc428533a78280913214c949dd6fGRANITE-GREEN-96b8b1.jpg', 1),
(78, 113, 'ivory beige', '#b2a896', 'c5d2c718008d3490546d029cab134fb7IVORY-BEIGE-b2a896.jpg', 1),
(79, 113, 'silver grey', '#b8b8b8', 'e9ae4d72d767cdfa9b122e16e40ee0bdSILVER-GRAY1-b8b8b8.jpg', 1),
(80, 114, '', 'blue', '3823d6dafa9723c13eb7a8bc02000020Vtech-Cube2.jpg', 1),
(81, 114, '', 'blue', 'c94ac72ea12ea1943136f2bc64719600Vtech-Cube3.jpg', 1),
(82, 114, '', 'blue', 'a73903647a7370584e0f57535af05fb6Vtech-Cube4.jpg', 1),
(83, 114, '', 'blue', '671dc7ee02cacc4826f3e4b105508805Vtech-Cube5.jpg', 1),
(84, 115, '', 'blue', '1049295f8ee6129ad4d8d84afac6f05fFisher-Price-Laugh-Learn.jpg', 1),
(85, 115, '', 'blue', 'b2486eb4ea417a34d4c076f156b8904aFisher-Price Laugh & Learn Smart Learning Home  (9).jpg', 1),
(86, 115, '', 'blue', '99adff456950dd9629a5260c4de21858Fisher-Price Laugh & Learn Smart Learning Home  (3).jpg', 1),
(87, 115, '', 'blue', '30e05e44e620ef12586bed5352dcd218Fisher-Price Laugh & Learn Smart Learning Home  (4).jpg', 1),
(88, 115, '', 'blue', '018544a2c48077d2cc3ce3278ab1e805Fisher-Price Laugh & Learn Smart Learning Home  (8).jpg', 1),
(89, 115, '', 'blue', 'f8a3af8403dce22b60d704af28be2f4eFisher-Price Laugh & Learn Smart Learning Home  (5).jpg', 1),
(90, 117, 'avocado green', '#7cbbbd', 'f17e28704bf2b4702992842989431d24AVOCADO-GREEN-7cbbbd.jpg', 1),
(91, 117, 'deep red', '#955d5c', '1795f889cfc8376e3112c205d64377bbDEEP-RED-955d5c.jpg', 1),
(92, 117, 'grost grey', '#7f7f7f', '28b5c16e94780f8c5c1b9431a8a4a164GROST-GRAY-7f7f7f.jpg', 1),
(93, 117, 'oxford beige', '#a18975', '4b1e14f32e85dc7b48a2ef9bb1cac0a4OXFORD-BEIGE-a18975.jpg', 1),
(94, 117, 'storm gray', '#bebebe', 'c98a3fedd72195a304fba80ebaa320feSTORM-GRAY-bebebe.jpg', 1),
(95, 117, 'water blue', '#8bb3c2', '25f1d380ed21c34d2eb56ecb06578f7fWATER-BLUE-8bb3c2.jpg', 1),
(96, 118, 'ash grey', '#a8abab', 'f24ad6f72d6cc4cb51464f2b29ab69d3Ash-Grey-a8abab.jpg', 1),
(97, 118, 'cameo green', '#a8dea3', '8365c9a8183d6f230a5125b1f65698b6Cameo-Green-a8dea3.jpg', 1),
(98, 118, 'chocolate brown', '#9d8d7f', 'f51238cd02c93b89d8fbee5667d077fcChocolate-Brown-9d8d7f.jpg', 1),
(99, 118, 'oak beige', '#c4b89c', 'd188831a712b8e8e3a8155e5dd70ffefOak-beige-c4b89c.jpg', 1),
(100, 118, 'orchid purple', '#a382ad', '32a16c22a08b5360601d155c4803b7f2Orchid-Purple-a382ad.jpg', 1),
(101, 119, 'coral pink', '#c89390', '6ded8e4119ca5c2725af6803f43f343cCORAL-PINK-c89390.jpg', 1),
(102, 119, 'frost beige', '#b59e8c', 'b80ee7270cb478f771821dd00951ea56FROST-BEIGE-b59e8c.jpg', 1),
(103, 119, 'iron grey', '#696969', '4c5a36ece913fda40f494ce164e9912fIRON-GREY-696969.jpg', 1),
(104, 119, 'mint green', '#9ad0d4', 'c9ce1073ab925d72782e22228ac4e2b7MINT-GREEN-9ad0d4.jpg', 1),
(105, 119, 'olive green', '#c6ded0', '46031b3d04dc90994ca317a7c55c4289OLIVE-REEN-c6ded0.jpg', 1),
(106, 119, 'slate blue', '#809e98', 'd7e6b9022e0d3f4f4500afc799a4eae7SLATE-BLUE-809e98.jpg', 1),
(107, 120, 'golf green', '#81a8a0', 'ac42c9d40e7ba0f7192750c9c0596a8eGOLF-GREEN-81a8a0.jpg', 1),
(108, 120, 'magnet grey', '#4c4c4c', 'f14788ce7da09b52b91f598195210b60MAGNET-GREY-4c4c4c.jpg', 1),
(109, 120, 'orient blue', '#4d6282', '5385d0382674a3ceb8bfbb73f789d743ORIENT-BLUE-4d6282.jpg', 1),
(110, 120, 'pearl grey', '#8b8d8f', '6209d3873549a30e8e72459469532fd4PEARL-GREY-8b8d8f.jpg', 1),
(111, 120, 'sand beige', '#d8d6cd', '3ac12d386f42cc1e7947d49f30949c37SAND-BEIGE-d8d6cd.jpg', 1),
(112, 120, 'tango red', '#a57072', '186a157b2992e7daed3677ce8e9fe40fTANGO-RED-a57072.jpg', 1),
(113, 120, 'wild olive', '#bac09e', '3e80852abcb4c886b8736685dffc3cfbWILD-OLIVE-bac09e.jpg', 1);

-- --------------------------------------------------------

--
-- Структура таблицы `category`
--

CREATE TABLE `category` (
  `id` int(11) NOT NULL,
  `url` varchar(50) NOT NULL,
  `name` varchar(50) NOT NULL,
  `description` text NOT NULL,
  `short_description` text NOT NULL,
  `image` varchar(100) NOT NULL,
  `sort_order` int(11) NOT NULL,
  `is_recommended` int(10) NOT NULL,
  `status` int(11) NOT NULL
) ENGINE=InnoDB DEFAULT CHARSET=utf8;

--
-- Дамп данных таблицы `category`
--

INSERT INTO `category` (`id`, `url`, `name`, `description`, `short_description`, `image`, `sort_order`, `is_recommended`, `status`) VALUES
(1, 'kolyaski', 'Детские коляски', 'Интернет магазин Коляска.Укр предлагает Вам практичные и доступные прогулочные коляски бренда Carrello. Торговая марка карелло за последнее время стала очень популярна у молодых родителей благодаря сочетанию высокого качества и цены продукции Небольшой вес коляски, надежность конструкции, практичная в эксплуатация ткань, простая система складывания, наличие дополнительных аксессуаров и небольшая цена - это все самые важные качества коляски, которые есть у производителя Carrello.', 'Практичные коляски популярного польского бренда карелло по доступной цене.', '06997f04a7db92466a2baa6ebc8b872dcatalog-stroller.png', 1, 1, 1),
(2, 'stulchiki', 'Стульчики', 'Груднички очень быстро растут и буквально через 4-6 месяц необходимо вводить первый прикорм малышу. К моменту, когда пищеварительная система ребенка готова употреблять более твердую пищу, он уже начинается сидеть и конечно вам будет удобно прикармливать его в стульчике для кормления.  В стульчике ребенок закреплен пятиточечными ремнями и может находится на уровне мамы у обеденного стола так, чтобы это было безопасно и удобно маме. Новые модели стульчиков совмещают в себе несколько функций: качелька, шезлонг и стульчик. Тонкая настройка высоты и наклона спинки сделает удобное сидение в стульчике любимым местом препровождения ребенка.', 'Новые модели стульчиков для кормления 3 в 1 с функцией: качелька, шезлонг и стульчик.', 'd7fd118e6f226a71b5f1ffe10efd0a78catalog-chair.png', 2, 1, 1),
(3, 'manezhi', 'Манежи', 'С нетерпением родители ждут когда их малыш начнет переворачиваться, ползать и делать первые шаги. Это очень ответственные моменты для родителей, ведь ребенок становится непоседой. Дети везде лазят, открывают все тумбочки, находят и подковыривают все слабые места вашего ремонта в квартире. И здесь заботливой маме в ее непростом труде придет на помощь манеж. Манежи - это место, где ребенок может играть во время бодрствования или улечься на дневной сон. В манеже есть полупрозрачное окно, выполненная из сетчатой ткани так, что ребенок может видеть все происходящее вокруг. Высота бортов достаточная для того, чтобы малыш мог подняться, но не смог вылезти. Практичная ткань манежа хорошо поддается чистке. Люк на змейке может служить малышу входом в свой домик, где он привык играться и отдыхать. ', 'Манежи разных размеров и расцветок выполнены из практичной ткани станут любимым местом для игр и сна малыша.', '8c26d2fad09dc76f3ff36b6ea752b0e1catalog-playpen.jpg', 3, 1, 1),
(4, 'ukach-centry', 'Укач. центры', 'Любой малыш с рождения любит, когда нежные руки родителей качают его перед сном, или играют положив на коленки и раскачиваю из стороны в сторону. А может ваш малыш любит, когда его мама движениями вокруг своей оси делает ему карусельку. И в конечном счете ребенок не слазит с рук, и у родителей нет свободного времени ни днем, ни ночью. Большим помощником в таких моментах для родителей будет укачивающий центр с интерактивным мобилем, который крутиться и мигает. Некоторые модели укачивающих центров снабжены функцией вибро, которая дополнительно имеет успокаивающий эффект.  А приятные мелодии или звуки природы помогут создать атмосферу спокойствия и продлят сон ребенка. ', 'Укачивающие центры с интерактивным мобилем помощь для любой мамы, если ребенок не слазит с рук.', '3d863b367aa379f71c7afc0c9cdca41dFisher-Price Starlight Revolve (7).jpg', 4, 0, 1),
(5, 'aksessuary', 'Аксессуары', '', '', '', 6, 0, 0),
(6, 'igrushki', 'Игрушки', 'Игрушки для детей - это самое любимое увлечение ребенка. Погремушки, машинки, пистолеты, танчики и самолетики - все эти мелочи детства остаются в памяти на всю жизнь. Сегодня масса развивающих игр помогают изучить ребенку окружающий мир или даже иностранный язык. Погремушки, мобили  - это то что нужно новорожденному. А пистолеты нужны каждому мальчишке, который играет в войнушки. Выбирайте хорошие качестенные игрушки, так чтобы они оставались в памяти на долго.', 'Погремушки, машинки, пистолеты, танчики и самолетики - все эти мелочи детства остаются в памяти на всю жизнь', 'b9a8f4af85454f7c56c06f0a39e7ec23Nerf Banner1.jpg', 5, 0, 1),
(7, 'mladencam', 'Младенцам', '', '', '', 7, 0, 1);

-- --------------------------------------------------------

--
-- Структура таблицы `common`
--

CREATE TABLE `common` (
  `id` int(11) NOT NULL,
  `dom` varchar(50) NOT NULL,
  `site_name` varchar(50) NOT NULL,
  `phone1` varchar(20) NOT NULL,
  `phone2` varchar(20) NOT NULL,
  `ex_rate` double NOT NULL
) ENGINE=InnoDB DEFAULT CHARSET=utf8;

--
-- Дамп данных таблицы `common`
--

INSERT INTO `common` (`id`, `dom`, `site_name`, `phone1`, `phone2`, `ex_rate`) VALUES
(1, 'https://коляска.укр', 'Интернет магазин детских товаров | коляска.укр', '(097) 616-43-43', '(066) 626-07-90', 24);

-- --------------------------------------------------------

--
-- Структура таблицы `products`
--

CREATE TABLE `products` (
  `id` int(11) NOT NULL,
  `url` varchar(50) NOT NULL,
  `type` varchar(50) NOT NULL,
  `name` varchar(50) NOT NULL,
  `category_id` int(11) DEFAULT NULL,
  `code` varchar(50) NOT NULL,
  `price` int(11) DEFAULT NULL,
  `presale_price` int(11) DEFAULT NULL,
  `description1` text NOT NULL,
  `description2` text NOT NULL,
  `short_description` text NOT NULL,
  `image` varchar(100) NOT NULL,
  `availability` int(11) DEFAULT NULL,
  `is_new` int(11) DEFAULT NULL,
  `is_sale` int(11) DEFAULT NULL,
  `is_recommended` int(11) DEFAULT NULL,
  `status` int(11) DEFAULT NULL
) ENGINE=InnoDB DEFAULT CHARSET=utf8;

--
-- Дамп данных таблицы `products`
--

INSERT INTO `products` (`id`, `url`, `type`, `name`, `category_id`, `code`, `price`, `presale_price`, `description1`, `description2`, `short_description`, `image`, `availability`, `is_new`, `is_sale`, `is_recommended`, `status`) VALUES
(98, 'carrello-triumph', 'Стульчик для кормления 3 в 1', 'Carrello Triumphsss', 2, 'CRL-10302', 143, 0, 'CARRELLO Triumph - многофункциональный стульчик, который объединяет в себе функции шезлонга, качалки и стульчика для кормления. Стульчик CARRELLO Triumph предназначен для детей от рождения и до 3-х лет. Оснащен регулировкой сидения по высоте, регулировкой спинки и регулировкой подножки, что позволяет стульчику \"расти\" вместе с малышом. \r\n\r\nБесшумный маятниковый механизм позволяет укачивать ребенка в стульчике, как в обычных электронных качалках. Про развитие малыша позаботится музыкальный модуль с приятными мелодиями и дуга с красивыми мягкими игрушками. Для удобства родителей, в комплект входит пульт дистанционного управления.\r\n\r\nБезопасность обеспечат: устойчивая конструкция с прорезиненными ножками, надежные пятиточечные ремни и ограничитель от сползания на столике.', '<tr><td>Размер, ВхГхШ, см. </td><td>98x90x58</td></tr>\r\n<tr><td>Размер в сложенном виде, ВхГхШ, см. </td><td>135x65x58</td></tr>\r\n<tr><td>Регулировка по высоте </td><td>6 положений</td></tr>\r\n<tr><td>Регулировка спинки </td><td>4 положения</td></tr>\r\n<tr><td>Подставка для ножек </td><td>Есть, регулируемая</td></tr>\r\n<tr><td>Столешница </td><td>Есть, регулируемая</td></tr>\r\n<tr><td>Корзина для игрушек </td><td>Нет</td></tr>\r\n<tr><td>Ремень безопасности </td><td>5-ти точечный</td></tr>\r\n<tr><td>Наличие колес </td><td>Есть, 2 на задней оси</td></tr>\r\n<tr><td>Звуковое сопровождение </td><td>Стандартные мелодии, МР3</td></tr>\r\n<tr><td>Питание </td><td>От сети</td></tr>\r\n<tr><td>Аксессуары </td><td>Вкладыш, дуга с игрушками, пульт ДУ</td></tr>\r\n', 'CARRELLO Triumph - многофункциональный стульчик, который объединяет в себе функции шезлонга, качалки и стульчика для кормления.', '5150d1bb2d5a2b2b23b96786673ff854MINT-GREEN-92ccbd.jpg', 1, 1, 0, 0, 1),
(99, 'carrello-caramel', 'Стульчик для кормления', 'Carrello Caramel ', 2, 'CRL-9501/3', 82, 0, 'Стульчик для кормления CARRELLO Caramel имеет хорошо продуманную устойчивую и безопасную конструкцию с отличным функционалом. Помимо этого в нем имеются все необходимые регулировки и весьма просторное сидение, благодаря которым стульчик будет одинаково удобным как полугодовалому малышу, так и трехлетнему ребенку. \r\n\r\nПятиточечные ремни и ограничитель между ножек позаботятся о безопасности ребёнка, а съёмный поднос-столешница и чехол, выполненный из ECO кожи, значительно облегчат уход за ним. Не менее порадует и наличие в CARRELLO Caramel прорезиненных колес, для его безшумного перемещения, вместе со стопором для фиксации, а также корзины, которая, безусловно, будет востребована в процессе эксплуатации стульчика.', '<tr><td>Размер, ВхГхШ, см. </td><td>102х68х60</td></tr>\n<tr><td>Размер в сложенном виде, ВхГхШ, см. </td><td>100х20х60</td></tr>\n<tr><td>Регулировка по высоте </td><td>Есть</td></tr>\n<tr><td>Регулировка спинки </td><td>3 положения</td></tr>\n<tr><td>Подставка для ножек </td><td>Есть</td></tr>\n<tr><td>Столешница </td><td>Есть, съемная</td></tr>\n<tr><td>Поднос </td><td>Есть, с подстаканником</td></tr>\n<tr><td>Корзина для игрушек </td><td>Есть</td></tr>\n<tr><td>Ремень безопасности </td><td>5-ти точечный</td></tr>\n<tr><td>Наличие колес </td><td>Есть, прорезиненные</td></tr>\n', 'Стульчик для кормления CARRELLO Caramel имеет хорошо продуманную устойчивую и безопасную конструкцию с отличным функционалом.', '97c8dd44858d3568fdf9537c4b8743b2Candy-Pink-e9c6c9.jpg', 1, 0, 0, 0, 1),
(101, 'carrello-concord', 'Стульчик для кормления', 'Carrello Concord', 2, 'CRL-7402', 105, 0, 'Многофункциональный детский стульчик для кормления CARRELLO Concord CRL-7402 идеально подходит для малышей от рождения и до 3-х лет, обеспечивая ему необходимый комфорт на каждом этапе роста. Стульчик оснащен удобной съемной столешницей, которая регулируется по глубине, спинка стульчика регулируется в 5 положениях наклона для кормления, отдыха или сна.\r\n\r\nДополнительно для большего удобства CARRELLO Concord подножка регулируется под рост ребенка, а высота стульчика регулируется в 6 положениях, так что ваш малыш может трапезничать вместе с вами за одним столом. Дополнительно имеет  5-ти точечные ремни безопасности, что обеспечивает надежную защиту от выпадения малыша со стульчика.\r\n\r\nДля удобства перемещения стульчика предусмотрены колесики для транспортировки, а не пропускающая влагу обивка из ECO кожи, легко очищается от остатков пищи и других загрязнений.', '<tr><td>Размер, ВхГхШ, см. </td><td>105х81х55</td></tr>\n<tr><td>Размер в сложенном виде, ВхГхШ, см. </td><td>93х22х55</td></tr>\n<tr><td>Регулировка по высоте </td><td>Есть</td></tr>\n<tr><td>Регулировка спинки </td><td>5 положения</td></tr>\n<tr><td>Подставка для ножек </td><td>Есть</td></tr>\n<tr><td>Столешница </td><td>Есть, съемная</td></tr>\n<tr><td>Поднос </td><td>Есть, с подстаканником</td></tr>\n<tr><td>Корзина для игрушек </td><td>Есть</td></tr>\n<tr><td>Ремень безопасности </td><td>5-ти точечный</td></tr>\n<tr><td>Наличие колес </td><td>Есть, прорезиненные</td></tr>\n', 'Многофункциональный детский стульчик для кормления CARRELLO Concord идеально подходит для малышей от рождения и до 3-х лет', 'cf7065ddd8146156c055e0f61d01dcecMint-Green-abf2f6.jpg', 1, 0, 0, 0, 1),
(102, 'carrello-toffee', 'Стульчик для кормления', 'Carrello Toffee', 2, 'CRL-9502/2', 77, 0, 'Современный классический стульчик для кормления CARRELLO Toffee имеет все необходимое, чтобы ребенок чувствовал себя в нем комфортно, а родителям обеспечена простота в эксплуатации и уходе. CARRELLO Toffee можно использовать, начиная с 6 месячного возраста малыша, так как его конструкция является устойчивой и безопасной, как и его прочные материалы, а чтобы создать оптимальное положение для ребенка любого возраста, вы сможете воспользоваться регулировкой спинки по наклону, высоты сидения и изменением положения подножки. Пятиточечные ремни безопасности позаботятся о надежной фиксации. А съемный поднос даст возможность использовать его и как отдельно стоящий стульчик для кормления, а также приставлять его к общему столу. Колесики в CARRELLO Toffee облегчат его перемещение, а корзина решит вопрос с хранением вещей и игрушек.', '<tr><td>Размер, ВхГхШ, см. </td><td>102х68х60</td></tr>\r\n<tr><td>Размер в сложенном виде, ВхГхШ, см. </td><td>100х30х60</td></tr>\r\n<tr><td>Регулировка по высоте </td><td>Есть</td></tr>\r\n<tr><td>Регулировка спинки </td><td>3 положения</td></tr>\r\n<tr><td>Подставка для ножек </td><td>Есть</td></tr>\r\n<tr><td>Столешница </td><td>Есть</td></tr>\r\n<tr><td>Корзина для игрушек </td><td>Есть</td></tr>\r\n<tr><td>Ремень безопасности </td><td>5-ти точечный</td></tr>\r\n<tr><td>Наличие колес </td><td>Есть, 2 спереди</td></tr>\r\n', 'Современный классический стульчик для кормления CARRELLO Toffee имеет все необходимое, чтобы ребенок чувствовал себя в нем комфортно', 'a605a210266fcf2eca4819969a7d54e8Cloud-Grey-b8babc.jpg', 1, 0, 0, 1, 1),
(103, 'carrello-stella', 'Стульчик для кормления', 'Carrello Stella', 2, 'CRL-9503', 86, 0, 'Стульчик для кормления CARRELLO Stella CRL-9503 имеет хорошо продуманную устойчивую и безопасную конструкцию с отличным функционалом. Помимо этого в нем имеются все необходимые регулировки и весьма просторное сидение, благодаря которым стульчик будет одинаково удобным как полугодовалому малышу, так и трехлетнему ребенку. \r\n\r\nПятиточечные ремни и ограничитель между ножек позаботятся о безопасности ребёнка, а съёмный поднос-столешница и чехол, выполненный из ECO кожи, значительно облегчат уход за ним. Не менее порадует и наличие в CARRELLO Stella CRL-9503 прорезиненных колес, для его безшумного перемещения, вместе со стопором для фиксации, а также корзины, которая, безусловно, будет востребована в процессе эксплуатации стульчика.', '<tr><td>Размер, ВхГхШ, см. </td><td>102х68х60</td></tr>\r\n<tr><td>Размер в сложенном виде, ВхГхШ, см. </td><td>100х20х60</td></tr>\r\n<tr><td>Регулировка по высоте </td><td>Есть</td></tr>\r\n<tr><td>Регулировка спинки </td><td>4 положения</td></tr>\r\n<tr><td>Подставка для ножек </td><td>Есть</td></tr>\r\n<tr><td>Столешница </td><td>Есть, съемная</td></tr>\r\n<tr><td>Поднос </td><td>Есть, с подстаканником</td></tr>\r\n<tr><td>Корзина для игрушек </td><td>Есть</td></tr>\r\n<tr><td>Ремень безопасности </td><td>5-ти точечный</td></tr>\r\n<tr><td>Наличие колес </td><td>Есть, прорезиненные</td></tr>\r\n', 'Стульчик для кормления CARRELLO Stella CRL-9503 имеет хорошо продуманную устойчивую и безопасную конструкцию с отличным функционалом', '5fd2e6e3604c8ebacfcc8104c8e24daaLight-Beige-decbb8.jpg', 1, 0, 0, 1, 1),
(104, 'carrello-pilot', 'Прогулочная коляска', 'Carrello Pilot', 1, 'CRL-1418/1', 85, 117, 'Удобная и компактная прогулочная коляска CARRELLO Pilot CRL-1418/1 сумеет отлично справиться со своей задачей, став настоящим помощником для молодых родителей. CARRELLO Pilot выполнена в современном стильном дизайне с использованием высококачественных и безопасных материалов.\r\n\r\nОна весит 6,5 кг., достаточно легко складывается по типу книжки и может поместиться в ручную кладь в самолете. Благодаря передним поворотным колесам, такой коляской можно легко управлять и осуществлять маневры, даже управляя одной рукой.\r\n\r\nНе менее удобна в ней возможность установки наклона спинки в 3 положениях, в том числе горизонтальном, регулируемая в двух положениях подножка, пятиточечные ремни и защитный бампер, а также наличие большого капюшона, хорошо защищающего как от солнца, так и ветра.\r\n\r\nПомимо этого, в процессе эксплуатации CARRELLO Pilot, вы сможете воспользоваться дождевиком, багажной корзиной, специальным ремнем для переноски и сумкой для коляски.', '<tr><td>Размер в разлож. виде, ДхШхВ, см. </td><td>82x45x100</td></tr>\r\n<tr><td>Размер люльки, ДхШхГ, см. </td><td>84x34x22</td></tr>\r\n<tr><td>Вес, кг. </td><td>6.5</td></tr>\r\n<tr><td>Макс. грузоподъемность, кг. </td><td>15</td></tr>\r\n<tr><td>Тип складывания </td><td>Книжка</td></tr>\r\n<tr><td>Смотровое окно </td><td>Есть</td></tr>\r\n<tr><td>Регулировка спинки </td><td>3 положения</td></tr>\r\n<tr><td>Бампер </td><td>Есть, съемный</td></tr>\r\n<tr><td>Корзина </td><td>Есть</td></tr>\r\n<tr><td>Тип колес </td><td>Передние поворотные</td></tr>\r\n<tr><td>Материал колес </td><td>Резина</td></tr>\r\n<tr><td>Аксессуары </td><td>Дождевик, сумка для коляски</td></tr>\r\n', 'Carrello Pilot  весит 6,5 кг., достаточно легко складывается по типу книжки и может поместиться в ручную кладь в самолете. ', '593560552ccb73e7142b57e5c6637ef6jade-green-8ec4c1.jpg', 1, 0, 1, 1, 1),
(107, 'carrello-vista', 'Прогулочная коляска', 'Carrello Vista', 1, 'CRL-8505 ', 141, 0, 'Удобная детская прогулочная коляска CARRELLO Vista CRL-8505 порадует вас своей практичностью и простотой в эксплуатации. Карелла Виста имеет прочную и устойчивую конструкцию. За счет поворотности ее передних колес, увеличивается ее манёвренность и легкость управления. \r\n\r\nПросторное сидение может легко превращаться в спальное место, для чего надо только использовать предусмотренные регулировки, меняющие положение спинки и подножки, вплоть до горизонтального.\r\n\r\nВ качестве системы безопасности в ней используются пятиточечные ремни, для надежной фиксации ребенка, съёмный защитный бампер и педаль-тормоз на задние колеса. Есть в ней и достаточно большой регулируемый капюшон, и чехол на ножки, что позволит выходить с такой коляской на прогулку при любой температуре на улице. \r\n\r\nНе менее порадует и вместительность багажной корзины CARRELLO Vista, куда легко поместятся как вещи малыша, так и ваши покупки.', '<tr><td>Размер в разлож. виде, ДхШхВ, см. </td><td>95x57x108</td></tr>\r\n<tr><td>Размер люльки, ДхШхГ, см. </td><td>90x38x24</td></tr>\r\n<tr><td>Вес, кг. </td><td>10</td></tr>\r\n<tr><td>Макс. грузоподъемность, кг. </td><td>15</td></tr>\r\n<tr><td>Тип складывания </td><td>Книжка</td></tr>\r\n<tr><td>Смотровое окно </td><td>Есть</td></tr>\r\n<tr><td>Регулировка спинки </td><td> 3 положения, включая \"лежа\"</td></tr>\r\n<tr><td>Бампер </td><td>Есть, съемный</td></tr>\r\n<tr><td>Корзина </td><td>Есть, вместительная</td></tr>\r\n<tr><td>Тип колес </td><td>Передние поворотные</td></tr>\r\n<tr><td>Материал колес </td><td>Полиуретан</td></tr>\r\n<tr><td>Аксессуары </td><td>Чехол на ножки, мягкий вкладыш, подстаканник</td></tr>\r\n', 'Удобная детская коляска карелло виста порадует вас своей практичностью и простотой в эксплуатации. CARRELLO Vista имеет прочную и устойчивую конструкцию.', '366c97caa1e66d39a0c21edb8fdc9cafOIIVE-GREEN-83a3a3.jpg', 1, 1, 0, 0, 1),
(108, 'carrello-connect', 'Прогулочная коляска', 'Carrello Connect', 1, 'CRL-5502 ', 218, 0, 'Если вы счастливые родители двойни, то коляска CARRELLO Connect CRL-5502 станет отличным выбором для ежедневных прогулок. Ведь помимо отличного внешнего вида она отличается удобством в эксплуатации.\r\n\r\nНа легкой раме размещено 2 сиденья с независимыми системами регулировки подножек, капюшонов и спинок. Поэтому один малыш может лечь отдохнуть, а второй осматриваться по сторонам. В случае непогоды можно использовать теплые чехлы для ног. В большую корзину можно сложить покупки и игрушки.\r\n\r\nКоляска CARRELLO Connect прослужит вам длительное время от 6 мес до 3-4 лет. Она имеет большие колеса, которые легко преодолеют все неровности, а детки не заметят ухабов, благодаря  амортизационной системе.', '<tr><td>Размер в разлож. виде, ДхШхВ, см. </td><td>92x72х107</td></tr>\r\n<tr><td>Размер люльки, ДхШхГ, см. </td><td>-</td></tr>\r\n<tr><td>Вес, кг. </td><td>13.5</td></tr>\r\n<tr><td>Макс. грузоподъемность, кг. </td><td>30</td></tr>\r\n<tr><td>Тип складывания </td><td>Книжка</td></tr>\r\n<tr><td>Смотровое окно </td><td>Есть</td></tr>\r\n<tr><td>Регулировка спинки </td><td>3 положения, включая «лежа»</td></tr>\r\n<tr><td>Бампер </td><td>Есть, съемный</td></tr>\r\n<tr><td>Корзина </td><td>Есть, вместительная</td></tr>\r\n<tr><td>Тип колес </td><td>Передние поворотные</td></tr>\r\n<tr><td>Материал колес </td><td>EVA</td></tr>\r\n<tr><td>Аксессуары </td><td>Чехол на ножки</td></tr>\r\n', 'Коляска для двойни кареллы коннект с независимыми системами регулировки подножек, капюшонов и спинок. ', 'e48a802fb8be11b3993f846a5736ae27INK-GRAY-8c8988.jpg', 1, 1, 0, 0, 1),
(109, 'fisher-price-my-sweet-swan-deluxe-cradle-n', 'Укачивающий центр 2 в 1', 'Fisher-Price My Sweet Swan Deluxe Cradle \'n', 4, '', 217, 250, 'Современная модель качелей от Fisher-Price 2 в 1 совмещает в себе укачивающий центр с уютной люлькой и комфортный шезлонг особой формы, подходящий для малышей. \r\n\r\nУкачивающий центр оснащен электронным мобилем, который развлечет малыша движущимися мягкими игрушками лебедей в сопровождении завораживающих мелодий.  \r\n\r\nЛюлька укачивающего центра крутиться вокруг своей оси на 180 градусов, поэтому вы всегда можете поменять тип качания: из стороны в сторону или движение малыша вперед-назад.  \r\n\r\nШесть разных скоростей качания и 3 положения сидения позволяют легко успокоить малыша и погрузить его в сладкий сон.  \r\n\r\nХарактеристики укачивающего центра Fisher-Price My Sweet Swan 2-in-1 Deluxe Cradle \'n Swing:\r\nУкачивающий центр расчитан для деток от рождения до 11 кг.  \r\n5-ти точечные ремни безопасности  \r\nМягкий  вкладыш и подголовник  \r\nСъемный для стирки чехол - сиденье вращается на 180°  \r\nСпинка сиденья регулируется в 3х положениях  \r\nКачание в двух направлениях: как качели и как колыбель  \r\n6 скоростей качания  \r\n', '', 'Современная модель качелей от Fisher-Price 2 в 1 совмещает в себе укачивающий центр с уютной люлькой и комфортный шезлонг особой формы, подходящий для малышей. ', '3be978eba105b45ed96528c8dd8c91791.jpg', 1, 1, 1, 0, 1),
(110, 'fisher-price-starlight-revolve', 'Укачивающий центр', 'Fisher-Price Starlight Revolve', 7, '', 200, 220, 'Укачивающий центр Fisher-Price Starlight Revolve «Звездное небо» - представляет собой красочную многофункциональную колыбель для ребенка, которая станет незаменимым помощником мамы во время занятия уборкой, приготовления еды или кормления. Укачивающий центр сочетает в себе круговые и раскачивающие движения. В новой качеле от Fisher-Price реализована всем полюбившаяся возможность управления с телефона через Bluetooth посредством приложения Fisher-Price Smart Connect \r\n\r\nОсобенности укачивающего центра Fisher-Price Starlight Revolve:\r\n-до 11,3 кг\r\n-имеет 6 скоростей качания\r\n-спинка люльки может быть установлена в 2-х положениях для максимального комфорта\r\n-16 мелодий и звуков природы стимулируют слух ребенка\r\n-уровень громкости регулируется\r\n- имеется мобиль с игрушками\r\n-управление с мобильного устройства через Bluetooth посредством приложения Fisher-Price Smart Connect\r\n', '', 'Укачивающий центр Fisher-Price Starlight Revolve «Звездное небо» - представляет собой красочную многофункциональную колыбель для ребенка, которая станет незаменимым помощником мамы', 'e7fe8c27f5a7ad85187a9a17758e7043Fisher-Price Starlight Revolve (1).jpg', 1, 1, 1, 0, 1),
(111, 'graco-duet-glide-lx', 'Укачивающий центр', 'Graco Duet Glide LX', 4, '', 209, 0, 'Описание укачивающего центра Graco Duet Glide LX Gliding Baby Swing, Zagg\r\n\r\n-Graco Duet Glide LX Gliding Baby Swing, Zagg один из немногих укачивающих центров, которые можно предложить новорожденному малышу благодаря трансформации сиденья в люльку с горизонтальным положение\r\n\r\n-Уникальные колебательные, скользящие движения качели или комбинация движений (одновременно из стороны в сторону и вперед-назад) дают вам больше вариантов на выбор, для того, чтобы успокоить вашего малыша\r\n\r\n-Люлька качели обеспечивая ребенку безопасное место для отдыха, и имеет ручки для переноски по всему дому.\r\n\r\n-Регулируемые скорости качания гарантируют, что вы найдете правильный темп успокоения, соответствующий предпочтениям ребенка\r\n\r\n-Вибрация с двумя настройками скорости обеспечат ребенку спокойствие и расслабление', '', 'Graco Duet Glide LX один из немногих укачивающих центров, которые можно предложить новорожденному малышу благодаря трансформации сиденья в люльку с горизонтальным положение', 'eb7dc89b44cdaf01b7128e9c939ac234Graco-Duet-Glide-LX5.jpg', 1, 1, 0, 0, 1),
(112, 'carrello-polo', 'Манеж', 'Carrello Polo', 3, 'CRL-11601', 59, 0, 'Замечательный детский манеж CARRELLO Polo CRL-11601 - будет не только уютным и комфортным местом для сна вашего малыша, но и отличной игровой площадкой, в которой ребенок всегда будет в безопасности и под присмотром. Он имеет надежную и устойчивую конструкцию, которая быстро и компактно складывается, что дает возможность брать его с собой в любые поездки с ребенком. Манеж сделан из качественных материалов (рама из алюминя, а ткань выполнена под лен) и имеет жесткое дно. Предусмотренные дверцы на замке, наверняка понравятся подросшему ребенку, ведь он сможет самостоятельно забираться и вылезать.', '<tr><td>Размер в разложенном виде, см. </td><td>125х65х79</td></tr>\n<tr><td>Размер в сложенном виде, см. </td><td>23х23х86</td></tr>\n<tr><td>Вес, кг. </td><td>8.8</td></tr>\n<tr><td>Аксессуары </td><td>Нет</td></tr>\n<tr><td>Матрасик </td><td>Есть</td></tr>\n<tr><td>Дорожная сумка </td><td>Есть</td></tr>\n<tr><td>Дверца на молнии </td><td>Есть</td></tr>\n', 'Манеж CARRELLO Polo будет не только уютным и комфортным местом для сна, но и игровой площадкой', 'dbdbb8d9c6cd72876c254897549e524bSILVER-GREY-b2b1b2.jpg', 1, 0, 0, 0, 1),
(113, 'carrello-cubo', 'Манеж', 'Carrello Cubo', 3, 'CRL-9205 ', 66, 0, 'Отличный манеж CARRELLO Cubo CRL-9205 порадует любого малыша. В нем ребенок сможет ползать, играть, подниматься на ножки, благодаря прицепным кольцам и делать свои первые шаги. Этот манеж практичен и надежен, сделан из качественных материалов (рама из алюминя, а ткань выполнена под лен) и имеет жесткое дно. К тому же он достаточно просторный. В нем грамотно продумана безопасность, все четыре угла защищены накладками, которые не дадут малышу пораниться. Устойчивые ножки исключают возможность манежу перевернуться. Прозрачный материал боковых стенок позволят маме наблюдать за ребенком и хорошо пропускают свет, а компактные размеры в сложенном виде помогут при транспортировке или спрятать в любое место.', '<tr><td>Размер в разложенном виде, см. </td><td>100х100х65</td></tr>\n<tr><td>Размер в сложенном виде, см. </td><td>23х23х90</td></tr>\n<tr><td>Вес, кг. </td><td>9.5</td></tr>\n<tr><td>Аксессуары, ручки </td><td>Есть</td></tr>\n<tr><td>Матрасик </td><td>Есть</td></tr>\n<tr><td>Дорожная сумка </td><td>Есть</td></tr>\n<tr><td>Дверца на молнии </td><td>Есть</td></tr>\n', 'Carrello Cubo практичен и надежен, сделан из качественных материалов (рама из алюминя, а ткань выполнена под лен) и имеет жесткое дно. К тому же он достаточно просторный.', '2a2a919ea2a12b8255429f33eb51a1a8SILVER-GRAY1-b8b8b8.jpg', 1, 0, 0, 0, 1),
(114, 'vtech-ultimate-alphabet-activity-cube', 'Большой бизикуб', 'VTech Ultimate Alphabet Activity Cube', 6, '', 83, 0, 'VTech Ultimate Alphabet Activity Cube\r\n\r\n— Куб имеет пять интерактивных сторон и включает в себя 13 двухсторонних буквенных блоков, которые обеспечивают множество преимуществ  для развития\r\n\r\n— Вставьте блоки в слот для распознавания букв, и куб отобразит букву на светодиодном экране и представит ее через игривую песню\r\n\r\n— Отбросьте блоки букв в лоток, и каждый блок будет засчитан в режиме обучения или будет воспроизводить звуки, когда он опускает лабиринт привязки в режиме исследования\r\n\r\n— Нажмите десять красочных кнопок формы животных, чтобы узнать о числах, цветах, фигурах, названиях животных и звуках, и услышать простые вопросы, которые помогут малышам заниматься\r\n\r\n— На других сторонах куба есть животные, которые могут скользить или переворачиваться, блокировать сортировочные отверстия, шестерни и многое другое для создания тонких моторных навыков', '', 'Куб VTech  имеет пять интерактивных сторон и включает в себя 13 двухсторонних буквенных блоков, которые обеспечивают множество преимуществ  для развития', 'fab95ca615e1403b9b80a661c156eb30Vtech-Cube.jpg', 1, 0, 0, 0, 1),
(115, 'fisher-price-laugh-learn', 'Домик «Учись и Смейся»', 'Fisher-Price Laugh Learn', 6, '', 207, 0, 'Интерактивный игровой домик Fisher-Price «Учись и Смейся» с множеством практических игр поможет ребенку узнать о числах, формах, погоде и многом другом, с приятной музыкой, огнями и звуками. Теперь, когда маленькие домовладельцы растут, они могут участвовать в супер веселой ролевой игре, притворяясь, что «работают» в офисе, или готовят что-нибудь вкусное на кухне!\r\n\r\nЭтот интерактивный домик очень популярен на рынке обучения!  Домик «Учись и Смейся» наполнен более чем 200 песнями, звуками, мелодиями и фразами, имеет 3 уровнями обучения и 4 языками на выбор, а также множеством интерактивных действий повсюду. Домик Fisher-Price — это лучшая ролевая игрушка.\r\n\r\nВнутри маленькие домовладельцы могут нажимать на кнопки «Музыка», «Погода», «Календарь», «Дом» или «Огни», чтобы услышать забавные песни и фразы. Отрегулировать температуру «умного» термостата.\r\n\r\nДети могут повернуть стрелки часов, чтобы услышать о разном времени cуток, или приготовить завтрак на детской кухне с холодильником для сортировки фигур и разнообразными ролевыми играми.\r\n\r\nЭкстерьер дома включает в себя панель управления с солнечной панелью, почтовым ящиком,  дверным звонком и световыми кнопами «номер дома», а также входную дверь, которая открывается и закрывается с звуковым сопровождением, водосточный желоб с дождевыми шариками, термометр кликер и корзина для сортировки форм!  Наслаждайтесь игрой.', '', 'Интерактивный игровой домик Fisher-Price «Учись и Смейся» с множеством практических игр поможет ребенку узнать о числах, формах, погоде и многом другом', '5ad573dfa6b6a8b98bcdd89ede7fc36aFisher-Price-Laugh-Learn.jpg', 1, 0, 0, 0, 1),
(116, 'carrello-eclipse--50', 'Прогулочная коляска БЕЗ БАМПЕРА', 'Carrello Eclipse -50%', 1, '', 75, 133, 'Прогулочная коляска CARRELLO Eclipse CRL-12001/1 отвечает высоким требованиям покупателя. Она имеет стильный современный дизайн, хорошо продуманную и качественно исполненную конструкцию, а также высокую степень безопасности.\r\n\r\nCARRELLO Eclipse выполнена на основе прочной устойчивой рамы с четырьмя EVA колесами, передние из которых дополнены функцией поворотности для лучшей маневренности.\r\n\r\nКапюшон оснащен металлической дугой, для стабилизации его в правильном положении, дополнительной секцией, что позволяет закрывать ребенка от дождя и солнца, смотровым окошком. Также, имеется защита от ультрафиолетовых лучей 50+.\r\n\r\nМеханизм складывания в CARRELLO Eclipse вызывает особый восторг, т.к. коляска складывается одной рукой вообще без каких-либо усилий.\r\n\r\nВ данной модели достаточно просторное сидение, в котором регулируется как спинка, так и подножка, позволяя подобрать оптимальное положение для прогулок сидя и для сна ребенка.\r\n\r\nПомимо этого, в CARRELLO Eclipse можно воспользоваться пятиточечными ремнями безопасности, защитным бампером, ограничителем от сползания, системой стояночного тормоза, телескопической родительской ручкой, багажной корзиной и чехлом на ножки.', '<tr><td>Размер в разлож. виде, ДхШхВ, см. </td><td>86x58x110</td></tr>\n<tr><td>Размер люльки, ДхШхГ, см. </td><td>86x34x22</td></tr>\n<tr><td>Вес, кг. </td><td>8</td></tr>\n<tr><td>Макс. грузоподъемность, кг. </td><td>15</td></tr>\n<tr><td>Тип складывания </td><td>Книжка</td></tr>\n<tr><td>Смотровое окно </td><td>Есть</td></tr>\n<tr><td>Регулировка спинки </td><td> Плавная, включая \"лежа\"</td></tr>\n<tr><td>Бампер </td><td>Есть, съемный</td></tr>\n<tr><td>Корзина </td><td>Есть, вместительная</td></tr>\n<tr><td>Тип колес </td><td>Передние поворотные</td></tr>\n<tr><td>Материал колес </td><td>EVA</td></tr>\n<tr><td>Аксессуары </td><td>Чехол на ножки, дождевик</td></tr>\n', 'Скидка -50% Цена коляски карелла эклипс снижена, т.к. в комплектации отсутствует бампер, Однако остается возможность крепления 5-точечными ремнями', '5f14615696649541a025d3d0f8e0447fCARRELLO-ECLIPSE-GRASS-GREEN-SALE.jpg', 1, 0, 1, 0, 1),
(117, 'carrello-unico', 'Прогулочная коляска', 'Carrello Unico', 1, 'CRL-8507 ', 133, 0, 'CARRELLO Unico CRL-8507 - новая прогулочная коляска из колекции 2018 года. Качественные материалы и одинарные колеса большого диаметра делают эту коляску незаменимой в любых ситуациях. \r\n\r\nБольшой капюшон полностью может закрыть ребенка от солнца и ветра. Спинка сидения имеет плавную регулировку наклона, включая положение \"лежа\". Бампер съемный и оснащен подстаканником, чтобы любимый напиток ребенка был всегда под рукой. Для удобства родителей, подстаканник есть и на родительской ручке.\r\n\r\nПрогулочная коляска CARRELLO Unico CRL-8507 очень легко и компактно складывается, даже одной рукой. Специальный фиксатор не даст коляске разложиться когда это не нужно.\r\n\r\nЗа безопасность ребенка в коляске CARRELLO Unico CRL-8507 отвечают - пятиточечные ремни, накладка на бампер от сползания и защита от случайного скла', '<tr><td>Размер в разлож. виде, ДхШхВ, см. </td><td>90x57х104</td></tr>\n<tr><td>Размер люльки, ДхШхГ, см. </td><td>92x38х25</td></tr>\n<tr><td>Вес, кг. </td><td>10.5</td></tr>\n<tr><td>Макс. грузоподъемность, кг. </td><td>15</td></tr>\n<tr><td>Тип складывания </td><td>Книжка</td></tr>\n<tr><td>Смотровое окно </td><td>Есть</td></tr>\n<tr><td>Регулировка спинки </td><td>Плавная, включая «лежа»</td></tr>\n<tr><td>Бампер </td><td>Есть, съемный</td></tr>\n<tr><td>Корзина </td><td>Есть, вместительная</td></tr>\n<tr><td>Тип колес </td><td>Передние поворотные</td></tr>\n<tr><td>Материал колес </td><td>Полиуретан</td></tr>\n<tr><td>Аксессуары </td><td>Чехол на ножки, подстаканник, дождевик</td></tr>\n', 'Качественные материалы коляски карелло уника и одинарные колеса большого диаметра делают эту коляску незаменимой в любых ситуациях. ', '25a714b921e3a2ba54c452debb9b5584STORM-GRAY-bebebe.jpg', 1, 0, 0, 0, 1),
(118, 'carello-grande', 'Манеж', 'Carello Grande', 3, 'CRL-9204/1 ', 58, 0, 'Отличный яркий манеж CARRELLO Grande CRL-9204/1 порадует любого малыша. В нем ребенок сможет ползать, играть, подниматься на ножки, благодаря прицепным кольцам и делать свои первые шаги. \r\n\r\nЭтот манеж практичен и надежен, сделан из качественных материалов и имеет жесткое дно. К тому же он достаточно просторный. В нем грамотно продумана безопасность, все четыре угла защищены накладками, которые не дадут малышу пораниться. Устойчивые ножки исключают возможность манежу перевернуться. \r\n\r\nПрозрачный материал боковых стенок позволят маме наблюдать за ребенком и хорошо пропускают свет, а компактные размеры в сложенном виде помогут при транспортировке или спрятать в любое место.', '<tr><td>Размер в разложенном виде, см. </td><td>100х100х76</td></tr>\r\n<tr><td>Размер в сложенном виде, см. </td><td>23х23х90</td></tr>\r\n<tr><td>Вес, кг. </td><td>9.5</td></tr>\r\n<tr><td>Аксессуары, ручки </td><td>Есть</td></tr>\r\n<tr><td>Матрасик </td><td>Есть</td></tr>\r\n<tr><td>Дорожная сумка </td><td>Есть</td></tr>\r\nДверца на молнии 	Есть', 'Отличный яркий манеж карелло гранд порадует любого малыша. В нем ребенок сможет ползать, играть, подниматься на ножки,', '012fa44d6752ee07c167165cb8c6f11cOrchid-Purple-a382ad.jpg', 1, 0, 0, 0, 1),
(119, 'carrello-gloria', 'Прогулочная коляска', 'Carrello Gloria', 1, 'CRL-8506/1 ', 119, 0, 'Алюминиевая прогулочная коляска CARRELLO Gloria - впечатляет своей простотой и компактностью складывания. Она так мала в сложенном виде, что в багажнике любого авто, еще останется место для других вещей. \r\n\r\nПередние колеса - поворотные с возможностью фиксации в одном направлении. Спинка и подножка регулируются. Объемная корзина под сиденьем. 5-точечные ремни безопасности и бампер для комфорта ребенка оснащены мягкими накладками. Обивка коляски изготовлена из качественной плотной ткани, выполненной под лен.', '<tr><td>Размер в разлож. виде, ДхШхВ, см. </td><td>86x50x106</td></tr>\n<tr><td>Размер люльки, ДхШхГ, см. </td><td>82x35x22</td></tr>\n<tr><td>Вес, кг. </td><td>8</td></tr>\n<tr><td>Макс. грузоподъемность, кг. </td><td>15</td></tr>\n<tr><td>Тип складывания </td><td>Книжка</td></tr>\n<tr><td>Смотровое окно </td><td>Есть</td></tr>\n<tr><td>Регулировка спинки </td><td>3 положения, включая «лежа»</td></tr>\n<tr><td>Бампер </td><td>Есть, съемный</td></tr>\n<tr><td>Корзина </td><td>Есть</td></tr>\n<tr><td>Тип колес </td><td>Передние поворотные</td></tr>\n<tr><td>Материал колес </td><td>Резина</td></tr>\n<tr><td>Аксессуары </td><td>Чехол на ножки, подстаканник, дождевик</td></tr>\n', 'Алюминиевая прогулочная коляска карелло глория - впечатляет своей простотой и компактностью складывания', 'd43ec839a158dc7efa4cf0520781925bFROST-BEIGE-b59e8c.jpg', 1, 0, 0, 0, 1),
(120, 'carrello-maestro', 'Прогулочная коляска', 'Carrello Maestro', 1, 'CRL-1414 ', 132, 0, 'CARRELLO Maestro CRL-1414 - новая прогулочная коляска из коллекции 2019 года. Качественные материалы и одинарные колеса большого диаметра делают это коляску незаменимой в любых ситуациях. \r\n\r\nБольшой капюшон полностью может закрыть ребенка от солнца и ветра. Спинка сидения имеет плавную регулировку наклона, включая положение \"лежа\". Бампер съемный и оснащен подстаканником, чтобы любимый напиток ребенка был всегда под рукой. Для удобства родителей, подстаканник есть и на родительской ручке.\r\n\r\nПрогулочная коляска CARRELLO Maestro CRL-1414 очень легко и компактно складывается, даже одной рукой. Специальный фиксатор не даст коляске разложиться когда это не нужно.\r\n\r\nЗа безопасность ребенка в коляске CARRELLO Maestro CRL-1414 отвечают - пятиточечные ремни, накладка на бампер от сползания и защита от случайного складывания. Так же коляска оснащена спареным ножным стопором для задних колес.', '<tr><td>Размер в разлож. виде, ДхШхВ, см. </td><td>90x57х104</td></tr>\r\n<tr><td>Размер люльки, ДхШхГ, см. </td><td>92x38х25</td></tr>\r\n<tr><td>Вес, кг. </td><td>9.2</td></tr>\r\n<tr><td>Макс. грузоподъемность, кг. </td><td>15</td></tr>\r\n<tr><td>Тип складывания </td><td>Книжка</td></tr>\r\n<tr><td>Смотровое окно </td><td>Есть</td></tr>\r\n<tr><td>Регулировка спинки </td><td>Плавная, включая «лежа»</td></tr>\r\n<tr><td>Бампер </td><td>Есть, съемный</td></tr>\r\n<tr><td>Корзина </td><td>Есть, вместительная</td></tr>\r\n<tr><td>Тип колес </td><td>Передние поворотные</td></tr>\r\n<tr><td>Материал колес </td><td>Полиуретан</td></tr>\r\n<tr><td>Аксессуары </td><td>Чехол на ножки, подстаканник, дождевик</td></tr>\r\n', 'Качественные материалы и одинарные колеса большого диаметра делают карелло маестро незаменимой в любых ситуациях. ', '229b80a4b334bbda34ec0d063f11c699GOLF-GREEN-81a8a0.jpg', 1, 0, 0, 0, 1);

-- --------------------------------------------------------

--
-- Структура таблицы `product_order`
--

CREATE TABLE `product_order` (
  `id` int(11) NOT NULL,
  `user_name` varchar(256) NOT NULL,
  `user_phone` varchar(256) NOT NULL,
  `user_comment` text NOT NULL,
  `user_id` int(11) DEFAULT NULL,
  `date` timestamp NOT NULL DEFAULT current_timestamp() ON UPDATE current_timestamp(),
  `products` text NOT NULL,
  `status` int(11) NOT NULL
) ENGINE=InnoDB DEFAULT CHARSET=utf8 ROW_FORMAT=COMPACT;

--
-- Дамп данных таблицы `product_order`
--

INSERT INTO `product_order` (`id`, `user_name`, `user_phone`, `user_comment`, `user_id`, `date`, `products`, `status`) VALUES
(48, 'Юля', '0507411212', 'нет', 0, '2020-03-22 20:38:31', '{\"120\":{\"count\":1,\"price\":3709}}', 1),
(49, 'Дмитрий Карпенко', '0949475080', 'нет', 0, '2020-03-22 21:11:54', '{\"117\":{\"count\":1,\"price\":3737}}', 1),
(50, 'Дмитрий Карпенко', '0949475080', 'нет', 0, '2020-03-22 21:13:54', '{\"120\":{\"count\":1,\"price\":3709}}', 1),
(51, 'asas', '0507411212', 'adad', 0, '2020-08-14 06:24:00', '{\"117\":{\"count\":1,\"price\":3192}}', 1);

-- --------------------------------------------------------

--
-- Структура таблицы `user`
--

CREATE TABLE `user` (
  `id` int(11) NOT NULL,
  `name` varchar(50) NOT NULL,
  `email` varchar(50) NOT NULL,
  `password` varchar(200) NOT NULL,
  `role` varchar(50) NOT NULL
) ENGINE=InnoDB DEFAULT CHARSET=utf8;

--
-- Дамп данных таблицы `user`
--

INSERT INTO `user` (`id`, `name`, `email`, `password`, `role`) VALUES
(20, 'Вася', '900@gmail.com', '$2y$10$56F18IBfA5eq9FSIsCwngec5MxKJ1d9J.dFDXzaSSnj7KRVTLtmp6', 'client'),
(21, 'Вася', '9001@gmail.com', '$2y$10$MYtbajrUZ8vOYN0OgC1GFOAp/iWJZpKYFCwEhhk2xZpRTrkr9T9QK', 'client');

--
-- Индексы сохранённых таблиц
--

--
-- Индексы таблицы `attribute`
--
ALTER TABLE `attribute`
  ADD PRIMARY KEY (`id`);

--
-- Индексы таблицы `category`
--
ALTER TABLE `category`
  ADD PRIMARY KEY (`id`);

--
-- Индексы таблицы `common`
--
ALTER TABLE `common`
  ADD PRIMARY KEY (`id`);

--
-- Индексы таблицы `products`
--
ALTER TABLE `products`
  ADD PRIMARY KEY (`id`);

--
-- Индексы таблицы `product_order`
--
ALTER TABLE `product_order`
  ADD PRIMARY KEY (`id`);

--
-- Индексы таблицы `user`
--
ALTER TABLE `user`
  ADD PRIMARY KEY (`id`);

--
-- AUTO_INCREMENT для сохранённых таблиц
--

--
-- AUTO_INCREMENT для таблицы `attribute`
--
ALTER TABLE `attribute`
  MODIFY `id` int(11) NOT NULL AUTO_INCREMENT, AUTO_INCREMENT=114;

--
-- AUTO_INCREMENT для таблицы `category`
--
ALTER TABLE `category`
  MODIFY `id` int(11) NOT NULL AUTO_INCREMENT, AUTO_INCREMENT=8;

--
-- AUTO_INCREMENT для таблицы `common`
--
ALTER TABLE `common`
  MODIFY `id` int(11) NOT NULL AUTO_INCREMENT, AUTO_INCREMENT=2;

--
-- AUTO_INCREMENT для таблицы `products`
--
ALTER TABLE `products`
  MODIFY `id` int(11) NOT NULL AUTO_INCREMENT, AUTO_INCREMENT=121;

--
-- AUTO_INCREMENT для таблицы `product_order`
--
ALTER TABLE `product_order`
  MODIFY `id` int(11) NOT NULL AUTO_INCREMENT, AUTO_INCREMENT=52;

--
-- AUTO_INCREMENT для таблицы `user`
--
ALTER TABLE `user`
  MODIFY `id` int(11) NOT NULL AUTO_INCREMENT, AUTO_INCREMENT=22;
COMMIT;

/*!40101 SET CHARACTER_SET_CLIENT=@OLD_CHARACTER_SET_CLIENT */;
/*!40101 SET CHARACTER_SET_RESULTS=@OLD_CHARACTER_SET_RESULTS */;
/*!40101 SET COLLATION_CONNECTION=@OLD_COLLATION_CONNECTION */;
